source_article,linked_article,concept,score
Prime Number,Prime (disambiguation),Prime (disambiguation),0
Prime Number,Composite number,Composite numbers,1
Prime Number,Rectangle,rectangles,0
Prime Number,Natural number,natural number,3
Prime Number,Product (mathematics),product,3
Prime Number,Composite number,composite number,1
Prime Number,Number theory,number theory,1
Prime Number,Fundamental theorem of arithmetic,fundamental theorem of arithmetic,1
Prime Number,Factorization,factorized,3
Prime Number,Up to,up to,0
Prime Number,Primality test,method of checking the primality,1
Prime Number,Trial division,trial division,1
Prime Number,Miller–Rabin primality test,Miller–Rabin primality test,1
Prime Number,AKS primality test,AKS primality test,1
Prime Number,Polynomial time,polynomial time,1
Prime Number,Mersenne number,Mersenne numbers,1
Prime Number,Largest known prime number,largest known prime number,1
Prime Number,Numerical digit,decimal digits,1
Prime Number,Infinite set,infinitely many,3
Prime Number,Euclid's theorem,demonstrated by Euclid,1
Prime Number,Prime number theorem,prime number theorem,1
Prime Number,Probability,probability,2
Prime Number,Proportionality (mathematics),proportional,2
Prime Number,Logarithm,logarithm,2
Prime Number,Goldbach's conjecture,Goldbach's conjecture,1
Prime Number,Twin prime,twin prime,1
Prime Number,Analytic number theory,analytic,1
Prime Number,Algebraic number theory,algebraic,1
Prime Number,Information technology,information technology,1
Prime Number,Public-key cryptography,public-key cryptography,1
Prime Number,Integer factorization,factoring,3
Prime Number,Abstract algebra,abstract algebra,1
Prime Number,Prime element,prime elements,1
Prime Number,Prime ideal,prime ideals,1
Prime Number,List of prime numbers,List of prime numbers,1
Prime Number,Cuisenaire rods,Cuisenaire rods,0
Prime Number,Divisor,divisors,3
Prime Number,2,2,1
Prime Number,3,3,1
Prime Number,5,5,1
Prime Number,7,7,1
Prime Number,11 (number),11,1
Prime Number,13 (number),13,1
Prime Number,17 (number),17,1
Prime Number,19 (number),19,1
Prime Number,23 (number),23,1
Prime Number,29 (number),29,1
Prime Number,31 (number),31,1
Prime Number,37 (number),37,1
Prime Number,41 (number),41,1
Prime Number,43 (number),43,1
Prime Number,47 (number),47,1
Prime Number,53 (number),53,1
Prime Number,59 (number),59,1
Prime Number,61 (number),61,1
Prime Number,67 (number),67,1
Prime Number,71 (number),71,1
Prime Number,73 (number),73,1
Prime Number,79 (number),79,1
Prime Number,83 (number),83,1
Prime Number,89 (number),89,1
Prime Number,97 (number),97,1
Prime Number,On-Line Encyclopedia of Integer Sequences,OEIS,1
Prime Number,Even number,even number,1
Prime Number,Odd number,odd number,1
Prime Number,Decimal,decimal,0
Prime Number,Set (mathematics),set,0
Prime Number,Boldface,boldface,0
Prime Number,Blackboard bold,blackboard bold,0
Prime Number,Rhind Mathematical Papyrus,Rhind Mathematical Papyrus,1
Prime Number,Egyptian fraction,Egyptian fraction,1
Prime Number,Greek mathematics,ancient Greek mathematicians,1
Prime Number,Euclid,Euclid,1
Prime Number,Euclid's Elements,Elements,1
Prime Number,Infinitude of primes,infinitude of primes,2
Prime Number,Perfect number,perfect number,0
Prime Number,Mersenne prime,Mersenne prime,1
Prime Number,Sieve of Eratosthenes,Sieve of Eratosthenes,1
Prime Number,Mathematics in medieval Islam,Islamic,1
Prime Number,Ibn al-Haytham,Ibn al-Haytham,1
Prime Number,Wilson's theorem,Wilson's theorem,1
Prime Number,Ibn al-Banna' al-Marrakushi,Ibn al-Banna' al-Marrakushi,1
Prime Number,Fibonacci,Fibonacci,1
Prime Number,Liber Abaci,Liber Abaci,1
Prime Number,Pierre de Fermat,Pierre de Fermat,1
Prime Number,Fermat's little theorem,Fermat's little theorem,1
Prime Number,Gottfried Wilhelm Leibniz,Leibniz,0
Prime Number,Leonhard Euler,Euler,0
Prime Number,Fermat number,Fermat numbers,1
Prime Number,Marin Mersenne,Marin Mersenne,1
Prime Number,Mersenne prime,Mersenne primes,1
Prime Number,Christian Goldbach,Christian Goldbach,1
Prime Number,Euclid–Euler theorem,Euclid–Euler theorem,1
Prime Number,Mathematical analysis,mathematical analysis,1
Prime Number,Divergence of the sum of the reciprocals of the primes,divergence of the sum of the reciprocals of the primes,1
Prime Number,Asymptotic analysis,asymptotic,1
Prime Number,Natural logarithm,natural logarithm,2
Prime Number,Bertrand's postulate,Bertrand's postulate,1
Prime Number,Pafnuty Chebyshev,Pafnuty Chebyshev,0
Prime Number,Bernhard Riemann,Bernhard Riemann,1
Prime Number,On the Number of Primes Less Than a Given Magnitude,1859 paper on the zeta-function,2
Prime Number,Riemann hypothesis,Riemann hypothesis,2
Prime Number,Jacques Hadamard,Hadamard,1
Prime Number,Charles Jean de la Vallée-Poussin,de la Vallée Poussin,1
Prime Number,Dirichlet's theorem on arithmetic progressions,Dirichlet's theorem on arithmetic progressions,1
Prime Number,Arithmetic progression,arithmetic progressions,1
Prime Number,Primality test,primality tests,1
Prime Number,Pépin's test,Pépin's test,1
Prime Number,Proth's theorem,Proth's theorem,1
Prime Number,Lucas–Lehmer primality test,Lucas–Lehmer primality test,1
Prime Number,Lucas primality test,Lucas primality test,1
Prime Number,Largest known prime,largest known primes,1
Prime Number,Computer,computers,1
Prime Number,Great Internet Mersenne Prime Search,Great Internet Mersenne Prime Search,1
Prime Number,Distributed computing,distributed computing,1
Prime Number,Pure mathematics,pure mathematics,1
Prime Number,RSA (cryptosystem),RSA,1
Prime Number,Green–Tao theorem,Green–Tao theorem,1
Prime Number,Yitang Zhang,Yitang Zhang,1
Prime Number,Prime gap,prime gaps,1
Prime Number,Nicomachus,Nicomachus,0
Prime Number,Iamblichus,Iamblichus,0
Prime Number,Boethius,Boethius,0
Prime Number,Cassiodorus,Cassiodorus,0
Prime Number,Mathematics in medieval Islam,medieval Islamic mathematicians,1
Prime Number,Leonhard Euler,Leonhard Euler,1
Prime Number,Derrick Norman Lehmer,Derrick Norman Lehmer,1
Prime Number,Unit (ring theory),unit,0
Prime Number,Euler's totient function,Euler's totient function,1
Prime Number,Sum-of-divisors function,sum of divisors function,1
Prime Number,Exponentiation,exponentiation,3
Prime Number,Square (algebra),square,1
Prime Number,Integer factorization,integer factorization,3
Prime Number,Euclid's lemma,Euclid's lemma,1
Prime Number,Euclid's theorem,Euclid's theorem,1
Prime Number,Infinitely,infinitely,2
Prime Number,Mathematical analysis,analytical,1
Prime Number,Christian Goldbach,Goldbach's,1
Prime Number,Fermat number#Basic properties,proof,1
Prime Number,Hillel Furstenberg,Furstenberg's,1
Prime Number,Furstenberg's proof of the infinitude of primes,proof using general topology,1
Prime Number,Ernst Kummer,Kummer's,0
Prime Number,Euclid's theorem,Euclid's proof,1
Prime Number,Finite set,finite list,1
Prime Number,Euclid number,Euclid numbers,1
Prime Number,Formula for primes,Formula for primes,0
Prime Number,Polynomial,polynomial,2
Prime Number,Diophantine equations,Diophantine equations,1
Prime Number,Mills' theorem,Mills' theorem,1
Prime Number,E. M. Wright,Wright,1
Prime Number,Floor function,floor function,1
Prime Number,Landau's problems,Landau's problems,0
Prime Number,Vinogradov's theorem,Vinogradov's theorem,1
Prime Number,Chen's theorem,Chen's theorem,1
Prime Number,Semiprime,semiprime,1
Prime Number,Additive number theory,additive number theory,1
Prime Number,Twin prime,twin primes,1
Prime Number,Twin prime conjecture,twin prime conjecture,1
Prime Number,Polignac's conjecture,Polignac's conjecture,1
Prime Number,Andrica's conjecture,Andrica's conjecture,1
Prime Number,Brocard's conjecture,Brocard's conjecture,1
Prime Number,Legendre's conjecture,Legendre's conjecture,1
Prime Number,Oppermann's conjecture,Oppermann's conjecture,1
Prime Number,Cramér conjecture,Cramér conjecture,1
Prime Number,Prime k-tuple,"prime ⁠



k


{\displaystyle k}

⁠-tuples",1
Prime Number,First Hardy–Littlewood conjecture,first Hardy–Littlewood conjecture,1
Prime Number,Heuristic,heuristic,2
Prime Number,Analytic number theory,Analytic number theory,1
Prime Number,Continuous function,continuous functions,1
Prime Number,Limit (mathematics),limits,2
Prime Number,Series (mathematics),infinite series,2
Prime Number,Infinitesimal,infinitesimal,0
Prime Number,Basel problem,Basel problem,0
Prime Number,Riemann zeta function,Riemann zeta function,3
Prime Number,Coprime integers,relatively prime,1
Prime Number,Formula for primes,"formula for the ⁠



n


{\displaystyle n}

⁠-th prime",1
Prime Number,Divergence of the sum of the reciprocals of the primes,Euler's proof that there are infinitely many primes,1
Prime Number,Multiplicative inverse,reciprocals,1
Prime Number,Real number,real number,2
Prime Number,Mertens' theorems,Mertens' second theorem,1
Prime Number,Brun's theorem,Brun's theorem,1
Prime Number,Prime-counting function,Prime-counting function,1
Prime Number,Approximation error,relative error,2
Prime Number,Meissel–Lehmer algorithm,Meissel–Lehmer algorithm,1
Prime Number,Convergent sequence,approaches,1
Prime Number,Offset logarithmic integral,offset logarithmic integral,2
Prime Number,Arithmetic progression,arithmetic progression,1
Prime Number,Modular arithmetic,modulus,1
Prime Number,Ulam spiral,Ulam spiral,1
Prime Number,Algebraic number theory,algebraic number theory,1
Prime Number,Heegner number,Heegner numbers,0
Prime Number,Class number problem,class number problem,0
Prime Number,Hardy–Littlewood conjecture F,Hardy–Littlewood conjecture F,1
Prime Number,Quadratic polynomial,quadratic polynomials,1
Prime Number,Coefficient,coefficients,1
Prime Number,Millennium Prize Problems,Millennium Prize Problems,1
Prime Number,Zero of a function,zeros,1
Prime Number,Analytic function,analytic function,1
Prime Number,Complex number,complex numbers,2
Prime Number,Series (mathematics),infinite sum,2
Prime Number,Infinite product,infinite product,3
Prime Number,Euler product,Euler product,1
Prime Number,Harmonic series (mathematics),harmonic series,0
Prime Number,Real part,real part,1
Prime Number,Riemann's explicit formula,Riemann's explicit formula,1
Prime Number,Asymptotic distribution,asymptotic distribution,1
Prime Number,Modular arithmetic,Modular arithmetic,1
Prime Number,Division (mathematics),division,3
Prime Number,Clearing denominators,clearing denominators,1
Prime Number,Field (mathematics),field,3
Prime Number,Finite field,finite field,3
Prime Number,Ring (mathematics),ring,3
Prime Number,Giuga's conjecture,Giuga's conjecture,1
Prime Number,Factorial,factorial,1
Prime Number,P-adic number,p-adic number,3
Prime Number,P-adic order,"⁠



p


{\displaystyle p}

⁠-adic order",1
Prime Number,Complete field,complete field,1
Prime Number,P-adic number,"⁠



p


{\displaystyle p}

⁠-adic numbers",3
Prime Number,Algebraic number field,algebraic number fields,1
Prime Number,Valuation (algebra),valuations,1
Prime Number,Multiplicative group,multiplicative group,1
Prime Number,Totally ordered group,totally ordered additive group,1
Prime Number,Absolute value (algebra),absolute values,2
Prime Number,Norm (mathematics),norms,1
Prime Number,Complete field,complete fields,1
Prime Number,Dense set,dense set,1
Prime Number,Real number,real numbers,2
Prime Number,Absolute value,absolute value,2
Prime Number,Ostrowski's theorem,Ostrowski's theorem,1
Prime Number,Local–global principle,local–global principle,1
Prime Number,Prime element,Prime element,1
Prime Number,Irreducible element,Irreducible element,1
Prime Number,Gaussian prime,Gaussian primes,1
Prime Number,Commutative ring,commutative ring,1
Prime Number,Algebraic structure,algebraic structure,1
Prime Number,Multiplicative inverse,multiplicative inverse,1
Prime Number,Unique factorization domain,unique factorization domains,1
Prime Number,Gaussian integer,Gaussian integers,3
Prime Number,Imaginary unit,imaginary unit,1
Prime Number,Fermat's theorem on sums of two squares,Fermat's theorem on sums of two squares,1
Prime Number,Ideal (ring theory),ideal,3
Prime Number,Principal ideal,principal ideal,2
Prime Number,Commutative algebra,commutative algebra,1
Prime Number,Algebraic geometry,algebraic geometry,1
Prime Number,Lasker–Noether theorem,Lasker–Noether theorem,1
Prime Number,Noetherian ring,Noetherian,1
Prime Number,Primary ideal,primary ideals,1
Prime Number,Prime power,prime powers,1
Prime Number,Spectrum of a ring,spectrum of a ring,1
Prime Number,Arithmetic geometry,Arithmetic geometry,1
Prime Number,Splitting of prime ideals in Galois extensions,ramification,1
Prime Number,Field extension,extension field,1
Prime Number,Ramified cover,ramification in geometry,1
Prime Number,Ring of integers,ring of integers,1
Prime Number,Quadratic number field,quadratic number fields,1
Prime Number,Quadratic reciprocity,quadratic reciprocity,1
Prime Number,Fermat's Last Theorem,Fermat's Last Theorem,1
Prime Number,Ernst Kummer,Kummer,0
Prime Number,Regular prime,regular primes,1
Prime Number,Cyclotomic field,cyclotomic integers,1
Prime Number,Chebotarev's density theorem,Chebotarev's density theorem,1
Prime Number,Finite group,finite groups,3
Prime Number,Sylow theorems,Sylow theorems,1
Prime Number,Order of a group,order of a group,3
Prime Number,Lagrange's theorem (group theory),Lagrange's theorem,1
Prime Number,Cyclic group,cyclic group,3
Prime Number,Burnside's theorem,Burnside's theorem,1
Prime Number,Solvable group,solvable,3
Prime Number,United Kingdom,British,0
Prime Number,G. H. Hardy,G. H. Hardy,0
Prime Number,Algorithm,algorithms,1
Prime Number,Primality test,primality testing,1
Prime Number,Integer factorization,factorization,3
Prime Number,Checksum,checksums,1
Prime Number,Hash table,hash tables,2
Prime Number,Pseudorandom number generator,pseudorandom number generators,1
Prime Number,Square root,square root,2
Prime Number,Exponential growth,grows exponentially,1
Prime Number,Mathematical table,mathematical tables,1
Prime Number,Sieve of Atkin,sieve of Atkin,1
Prime Number,Sieve theory,sieve theory,1
Prime Number,Probabilistic algorithm,probabilistic,1
Prime Number,Monte Carlo algorithm,Monte Carlo,1
Prime Number,Solovay–Strassen primality test,Solovay–Strassen primality test,1
Prime Number,Modular exponentiation,modular exponentiation,1
Prime Number,Pseudoprime,pseudoprime,1
Prime Number,Deterministic algorithm,deterministic,1
Prime Number,Las Vegas algorithm,Las Vegas algorithms,1
Prime Number,Elliptic curve primality proving,elliptic curve primality proving,1
Prime Number,Primality certificate,primality certificate,1
Prime Number,Heuristic argument,heuristic arguments,2
Prime Number,Big O notation,big O notation,1
Prime Number,Constant factor,constant factor,1
Prime Number,Baillie–PSW primality test,Baillie–PSW primality test,1
Prime Number,Mersenne number,Mersenne number,1
Prime Number,Power of two,power of two,1
Prime Number,Largest known prime,largest known prime,1
Prime Number,Electronic Frontier Foundation,Electronic Frontier Foundation,0
Prime Number,Proth prime,Proth prime,1
Prime Number,PrimeGrid,PrimeGrid,1
Prime Number,Factorial prime,factorial prime,1
Prime Number,Primorial prime,primorial prime,1
Prime Number,Pollard's rho algorithm,Pollard's rho algorithm,1
Prime Number,Elliptic curve factorization,elliptic curve factorization,1
Prime Number,Quadratic sieve,quadratic sieve,1
Prime Number,General number field sieve,general number field sieve,1
Prime Number,Special number field sieve,special number field sieve,1
Prime Number,Integer factorization records,largest number known to have been factored,1
Prime Number,RSA-240,RSA-240,1
Prime Number,Shor's algorithm,Shor's algorithm,1
Prime Number,Quantum computer,quantum computer,1
Prime Number,Diffie–Hellman key exchange,Diffie–Hellman key exchange,1
Prime Number,Bit,bit,1
Prime Number,Coprime,coprime,1
Prime Number,Discrete logarithm,discrete logarithm,1
Prime Number,Universal hashing,universal hashing,1
Prime Number,Hash function,hash functions,1
Prime Number,Linear function,linear functions,2
Prime Number,K-independent hashing,"⁠



k


{\displaystyle k}

⁠-independent hashing",1
Prime Number,Quadratic probing,quadratic probing,1
Prime Number,Checksum,checksum,1
Prime Number,International Standard Book Number,International Standard Book Numbers,0
Prime Number,Adler-32,Adler-32,1
Prime Number,Linear congruential generator,linear congruential generators,1
Prime Number,Mersenne Twister,Mersenne Twister,1
Prime Number,No-three-in-line problem,no three are in a line,0
Prime Number,Heilbronn triangle problem,has large area,0
Prime Number,Eisenstein's criterion,Eisenstein's criterion,1
Prime Number,Irreducible polynomial,polynomial is irreducible,1
Prime Number,Prime field,prime field,1
Prime Number,Knot theory,knot theory,1
Prime Number,Prime knot,prime knot,1
Prime Number,Knot (mathematics),knot,1
Prime Number,Connected sum,connected sum,1
Prime Number,Prime decomposition (3-manifold),prime decomposition of 3-manifolds,1
Prime Number,Quantum mechanic,quantum mechanics,0
Prime Number,Evolutionary biology,evolutionary biology,0
Prime Number,Cicada,cicadas,0
Prime Number,Fermat prime,Fermat prime,1
Prime Number,Fermat prime,Fermat primes,1
Prime Number,Nonnegative integer,nonnegative integer,3
Prime Number,Regular polygon,"regular ⁠



n


{\displaystyle n}

⁠-gon",1
Prime Number,Constructible polygon,constructible using straightedge and compass,1
Prime Number,Angle trisection,angle trisector,1
Prime Number,Regular polygon,"⁠



n


{\displaystyle n}

⁠",1
Prime Number,Pierpont prime,Pierpont primes,1
Prime Number,Prime power,power of a prime number,1
Prime Number,Hugh Lowell Montgomery,Hugh Montgomery,0
Prime Number,Freeman Dyson,Freeman Dyson,0
Prime Number,Quantum system,quantum systems,1
Prime Number,Quantum information science,quantum information science,0
Prime Number,Mutually unbiased bases,mutually unbiased bases,0
Prime Number,SIC-POVM,symmetric informationally complete positive-operator-valued measures,0
Prime Number,Magicicada,Magicicada,1
Prime Number,Larva,grubs,1
Prime Number,Bamboo,bamboo,1
Prime Number,Smooth number,smooth numbers,1
Prime Number,Composer,composer,1
Prime Number,Olivier Messiaen,Olivier Messiaen,1
Prime Number,La Nativité du Seigneur,La Nativité du Seigneur,1
Prime Number,Quatre études de rythme,Quatre études de rythme,1
Prime Number,Contact (novel),Contact,1
Prime Number,Carl Sagan,Carl Sagan,1
Prime Number,Frank Drake,Frank Drake,1
Prime Number,The Curious Incident of the Dog in the Night-Time,The Curious Incident of the Dog in the Night-Time,1
Prime Number,Mark Haddon,Mark Haddon,1
Prime Number,Asperger syndrome,Asperger syndrome,1
Prime Number,Paolo Giordano,Paolo Giordano,1
Prime Number,The Solitude of Prime Numbers (novel),The Solitude of Prime Numbers,1
Attention Is All You Need,Academic publishing,research paper,1
Attention Is All You Need,Machine learning,machine learning,3
Attention Is All You Need,Google,Google,0
Attention Is All You Need,Deep learning,deep learning,3
Attention Is All You Need,Transformer (machine learning model),transformer,1
Attention Is All You Need,Attention mechanism,attention mechanism,3
Attention Is All You Need,Artificial intelligence,artificial intelligence,1
Attention Is All You Need,AI boom,AI boom,0
Attention Is All You Need,Large language model,large language models,1
Attention Is All You Need,Seq2seq,Seq2seq,2
Attention Is All You Need,Machine translation,machine translation,2
Attention Is All You Need,Question answering,question answering,1
Attention Is All You Need,Generative artificial intelligence#Modalities,multimodal Generative AI,1
Attention Is All You Need,All You Need Is Love,All You Need Is Love,0
Attention Is All You Need,The Beatles,the Beatles,0
Attention Is All You Need,Transformers,Transformers,0
Attention Is All You Need,Parsing,parsing,2
Attention Is All You Need,Ashish Vaswani,Ashish Vaswani,1
Attention Is All You Need,Noam Shazeer,Noam Shazeer,1
Attention Is All You Need,Aidan Gomez,Aidan Gomez,1
Attention Is All You Need,Wired (magazine),Wired,0
Attention Is All You Need,Startup company,startups,0
Attention Is All You Need,Recurrent neural network,Recurrent neural network,3
Attention Is All You Need,Long short-term memory,Long short-term memory,2
Attention Is All You Need,Transformer (deep learning architecture)#History,Transformer (deep learning architecture) § History,0
Attention Is All You Need,Seq2seq#History,Seq2seq § History,0
Attention Is All You Need,Timeline of machine learning,Timeline of machine learning,0
Attention Is All You Need,Elman network,Elman network,1
Attention Is All You Need,Vanishing-gradient problem,vanishing-gradient problem,1
Attention Is All You Need,Quadratic function,quadratic,2
Attention Is All You Need,Gated recurrent unit,gated recurrent units,1
Attention Is All You Need,Google Translate,Google Translate,1
Attention Is All You Need,Google Neural Machine Translation,Google Neural Machine Translation,2
Attention Is All You Need,Statistical machine translation,statistical machine translation,1
Attention Is All You Need,Attention (machine learning)#History,Attention (machine learning) § History,0
Attention Is All You Need,Parallel computing,parallelize,2
Attention Is All You Need,Feedforward neural network,feedforward networks,3
Attention Is All You Need,State of the art,SOTA,2
Attention Is All You Need,Textual entailment,textual entailment,0
Attention Is All You Need,Hans Uszkoreit,Hans Uszkoreit,0
Attention Is All You Need,Attention is all you need,Attention is all you need,3
Attention Is All You Need,Generative artificial intelligence,generative models,1
Attention Is All You Need,ELMo,ELMo,1
Attention Is All You Need,Word embedding,word embeddings,3
Attention Is All You Need,Bag-of-words model,bag of words,0
Attention Is All You Need,Word2vec,word2vec,1
Attention Is All You Need,BERT (language model),BERT,1
Attention Is All You Need,Generative pre-trained transformer,GPT series,1
Attention Is All You Need,Natural language generation,natural language generation,1
Attention Is All You Need,ChatGPT,ChatGPT,1
Attention Is All You Need,Vision transformer,vision transformer,1
Attention Is All You Need,Multimodal learning,multimodal,1
Attention Is All You Need,Convolutional neural network,convolutional neural networks,1
Attention Is All You Need,DALL-E,DALL-E,0
Attention Is All You Need,Stable Diffusion,Stable Diffusion 3,0
Attention Is All You Need,Sora (text-to-video model),Sora,0
Attention Is All You Need,Constituent (linguistics),Constituency Parsing,1
Attention Is All You Need,Nvidia Tesla,NVIDIA P100 GPUs,1
Attention Is All You Need,Learning rate,learning rate,2
BERT (language model),Programmer,Original author(s),3
BERT (language model),Google AI,Google AI,1
BERT (language model),Repository (version control),Repository,1
BERT (language model),Software categories#Categorization approaches,Type,0
BERT (language model),Large language model,Large language model,3
BERT (language model),Transformer (deep learning architecture),Transformer (deep learning architecture),3
BERT (language model),Foundation model,Foundation model,2
BERT (language model),Software license,License,0
BERT (language model),Apache 2.0,Apache 2.0,0
BERT (language model),Language model,language model,3
BERT (language model),Google,Google,1
BERT (language model),Self-supervised learning,self-supervised learning,3
BERT (language model),Transformer (machine learning model),encoder-only transformer,3
BERT (language model),State of the art,state-of-the-art,2
BERT (language model),Natural language processing,natural language processing,3
BERT (language model),Latent space,latent representations,2
BERT (language model),ELMo,ELMo,1
BERT (language model),GPT-2,GPT-2,1
BERT (language model),Coreference resolution,coreference resolution,1
BERT (language model),Polysemy,polysemy,1
BERT (language model),BookCorpus,BookCorpus,0
BERT (language model),English Wikipedia,English Wikipedia,0
BERT (language model),GitHub,GitHub,0
BERT (language model),Word embedding,Embedding,3
BERT (language model),Euclidean space,Euclidean space,1
BERT (language model),Attention (machine learning),self-attention,3
BERT (language model),Question answering,question answering,1
BERT (language model),Sentiment analysis,sentiment classification,1
BERT (language model),Transfer learning,transfer learning,1
BERT (language model),Byte pair encoding,byte pair encoding,2
BERT (language model),Sine wave,sinusoidal function,2
BERT (language model),LayerNorm,LayerNorm,1
BERT (language model),Word2Vec,Word2Vec,1
BERT (language model),Part-of-speech tagging,Part-of-speech tagging,1
BERT (language model),Fine-tuning (machine learning),fine-tuned,3
BERT (language model),Textual entailment,natural language inference,1
BERT (language model),Document classification,text classification,1
BERT (language model),Natural-language understanding,natural language understanding,1
BERT (language model),General Language Understanding Evaluation,General Language Understanding Evaluation,1
BERT (language model),Pooling layer,global pooling,1
BERT (language model),Tensor Processing Unit,TPU,0
BERT (language model),Vector space model,vector representations,1
BERT (language model),Transformer (machine learning model)#Architecture,attention,3
BERT (language model),Transformer (deep learning architecture)#encoder-only,encoder-only,3
BERT (language model),Prompt engineering,be prompted,1
BERT (language model),Natural language generation,generate text,1
BERT (language model),Semi-supervised learning,semi-supervised sequence learning,2
BERT (language model),Unsupervised learning,unsupervised,3
BERT (language model),Text corpus,text corpus,1
BERT (language model),GloVe (machine learning),GloVe,1
BERT (language model),English language,English language,0
BERT (language model),Google Search,search queries,1
BERT (language model),US,US,0
BERT (language model),Stochastic gradient descent#Iterative method,mini-batch,2
BERT (language model),Knowledge distillation,distills,1
BERT (language model),Generative adversarial network,generative adversarial networks,1
GPT (language model),ChatGPT,ChatGPT,1
GPT (language model),Large language model,large language model,3
GPT (language model),Generative artificial intelligence,generative artificial intelligence,3
GPT (language model),Neural network (machine learning),artificial neural network,3
GPT (language model),Natural language processing,natural language processing,2
GPT (language model),Transformer (deep learning architecture),transformer deep learning architecture,3
GPT (language model),Data set,data sets,1
GPT (language model),OpenAI,OpenAI,1
GPT (language model),GPT-4o,GPT-4o,1
GPT (language model),Instruction tuning,fine-tuned for instruction following,3
GPT (language model),Chatbot,chatbot,0
GPT (language model),EleutherAI#GPT models,a series of models,1
GPT (language model),EleutherAI,EleutherAI,1
GPT (language model),Cerebras,Cerebras,1
GPT (language model),Salesforce,Salesforce,0
GPT (language model),Customer relationship management,CRM,0
GPT (language model),Bloomberg L.P.,Bloomberg,0
GPT (language model),Semi-supervised learning,semi-supervised learning,2
GPT (language model),Hidden Markov model,hidden Markov models,1
GPT (language model),Speech recognition,speech recognition,1
GPT (language model),Facial recognition system,facial recognition,1
GPT (language model),Autoencoder,autoencoders,1
GPT (language model),Transformer (deep learning architecture)#History,Transformer (deep learning architecture) § History,1
GPT (language model),Recurrent neural network,recurrent neural networks,1
GPT (language model),Attention (machine learning),attention mechanism,3
GPT (language model),Google,Google,1
GPT (language model),Attention Is All You Need,Attention Is All You Need,3
GPT (language model),BERT (language model),BERT,1
GPT (language model),Transformer (deep learning architecture)#encoder-only,encoder-only,1
GPT (language model),GPT-1,GPT-1,1
GPT (language model),Long short-term memory,LSTM,1
GPT (language model),Supervised learning,supervised learning,2
GPT (language model),Unsupervised learning,unsupervised,2
GPT (language model),Generative model,generative,3
GPT (language model),Discriminative model,discriminative,3
GPT (language model),Fine-tuning (machine learning),fine-tuning,3
GPT (language model),GPT-3,GPT-3,1
GPT (language model),OpenAI Codex,Codex,1
GPT (language model),GitHub,GitHub,0
GPT (language model),GPT-4,GPT-4,1
GPT (language model),API,API,1
GPT (language model),Foundation model,foundation model,1
GPT (language model),BookCorpus,BookCorpus,0
GPT (language model),Quadro,P600,1
GPT (language model),FLOPS,FLOPS,1
GPT (language model),GPT-2,GPT-2,1
GPT (language model),Upvote,upvoted,0
GPT (language model),Reddit,Reddit,0
GPT (language model),Common Crawl,CommonCrawl,1
GPT (language model),GPT-3.5,GPT-3.5,1
GPT (language model),Reinforcement learning from human feedback,RLHF,2
GPT (language model),Multimodal learning,both text and images,1
GPT (language model),GPT-4.5,GPT-4.5,1
GPT (language model),GPT-4.1,GPT-4.1,1
GPT (language model),PaLM,PaLM,1
GPT (language model),Open-source,open-source,1
GPT (language model),Meta AI,Meta AI,1
GPT (language model),Facebook,Facebook,0
GPT (language model),LLaMA,LLaMA,1
GPT (language model),Modality (human–computer interaction),modalities,1
GPT (language model),Text-to-image model,text-to-image,1
GPT (language model),Diffusion model,diffusion,1
GPT (language model),Prompt engineering,prompt engineering,1
GPT (language model),Chatbots,chatbots,0
GPT (language model),Microsoft,Microsoft,1
GPT (language model),Bing Chat,Bing Chat,1
GPT (language model),Gemini (chatbot),Gemini,1
GPT (language model),LaMDA,LaMDA,1
GPT (language model),Meta (prefix),meta,0
GPT (language model),Software agent,agent,1
GPT (language model),Auto-GPT,Auto-GPT,1
GPT (language model),Khan Academy,Khan Academy,0
GPT (language model),Slack (software),Slack,0
GPT (language model),Plug-in (computing),plug-ins or add-ons,1
GPT (language model),Google Workspace,Google Workspace,0
GPT (language model),Spreadsheet,spreadsheet,0
GPT (language model),Google Sheets,Google Sheets,0
GPT (language model),Terms of service,terms of service,0
GPT (language model),Trademark infringement,trademark infringement,0
GPT (language model),Cease and desist,cease and desist,0
GPT (language model),United States Patent and Trademark Office,United States Patent and Trademark Office,0
GPT (language model),Trademark registration,trademark registration,0
GPT (language model),Trademark distinctiveness,distinctive,0
AlexNet,Programmer,Developer(s),3
AlexNet,Alex Krizhevsky,Alex Krizhevsky,1
AlexNet,Ilya Sutskever,Ilya Sutskever,1
AlexNet,Geoffrey Hinton,Geoffrey Hinton,1
AlexNet,Repository (version control),Repository,0
AlexNet,CUDA,CUDA,2
AlexNet,C++,C++,2
AlexNet,Software categories#Categorization approaches,Type,0
AlexNet,Convolutional neural network,Convolutional neural network,3
AlexNet,Software license,License,0
AlexNet,New BSD License,New BSD License,0
AlexNet,ImageNet,ImageNet,2
AlexNet,University of Toronto,University of Toronto,1
AlexNet,Artificial neuron,neurons,3
AlexNet,Graphics processing unit,graphics processing units,3
AlexNet,ImageNet Large Scale Visual Recognition Challenge,ImageNet Large Scale Visual Recognition Challenge,1
AlexNet,Deep learning,deep learning,3
AlexNet,Neural network (machine learning),neural networks,3
AlexNet,Computer vision,computer vision,1
AlexNet,Layer (deep learning),layers,3
AlexNet,Convolution,convolutional,3
AlexNet,Pooling layer#Max pooling,max-pooling,3
AlexNet,Convolutional neural network#Fully connected layer,fully connected layers,3
AlexNet,VRAM,VRAM,2
AlexNet,Nvidia,Nvidia,1
AlexNet,GTX 580,GTX 580,1
AlexNet,Dropout (neural networks),dropout,2
AlexNet,ReLU,ReLU,3
AlexNet,Activation function,activation function,3
AlexNet,Tanh,tanh,1
AlexNet,Sigmoid function,sigmoid,1
AlexNet,Training set,training set,1
AlexNet,Floating point operations per second,TFLOPS,1
AlexNet,Float32,float32,1
AlexNet,Momentum gradient descent,momentum gradient descent,2
AlexNet,Data augmentation,data augmentation,1
AlexNet,Whitening transformation,whitens,1
AlexNet,Principal component analysis,principal directions,1
AlexNet,Local response normalization,local response normalization,1
AlexNet,Weight initialization,weights were initialized,2
AlexNet,Normal distribution,gaussians,2
AlexNet,Dying ReLU,dying ReLU,1
AlexNet,Ensemble learning,ensemble,1
AlexNet,LeNet,LeNet,1
AlexNet,Kunihiko Fukushima,Kunihiko Fukushima,1
AlexNet,Neocognitron,neocognitron,1
AlexNet,Unsupervised learning,unsupervised learning,2
AlexNet,Yann LeCun,Yann LeCun,1
AlexNet,Backpropagation,backpropagation,3
AlexNet,Max pooling,Max pooling,3
AlexNet,General-purpose computing on graphics processing units,general-purpose computing,1
AlexNet,Deep belief network,deep belief network,1
AlexNet,GTX 280,GTX 280,1
AlexNet,IDSIA,IDSIA,1
AlexNet,State of the art,state of the art,1
AlexNet,Database,databases,1
AlexNet,GPU,GPU,2
AlexNet,Kernel regression,kernel regression,0
AlexNet,Support vector machine,support vector machines,0
AlexNet,AdaBoost,AdaBoost,0
AlexNet,Feature engineering,feature engineering,1
AlexNet,Scale-invariant feature transform,SIFT,1
AlexNet,Speeded up robust features,SURF,1
AlexNet,Histogram of oriented gradients,HoG,1
AlexNet,Bag-of-words model in computer vision,bags of visual words,1
AlexNet,Jitendra Malik,Jitendra Malik,1
AlexNet,Fei-Fei Li,Fei-Fei Li,1
AlexNet,Amazon Mechanical Turk,Amazon Mechanical Turk,1
AlexNet,WordNet,WordNet,1
AlexNet,CIFAR-10,CIFAR-10,1
AlexNet,Hyperparameter optimization,hyperparameter optimization,2
AlexNet,ImageNet#History of the ImageNet challenge,won the ImageNet competition,0
AlexNet,European Conference on Computer Vision,European Conference on Computer Vision,1
AlexNet,GPU computing,GPU computing,3
AlexNet,Inception (deep learning architecture),GoogLeNet,1
AlexNet,VGGNet,VGGNet,1
AlexNet,Highway network,Highway network,1
AlexNet,Residual neural network,ResNet,1
AlexNet,SqueezeNet,SqueezeNet,1
AlexNet,MobileNet,MobileNet,1
AlexNet,EfficientNet,EfficientNet,1
AlexNet,BSD licenses,BSD-2 license,0
AlexNet,Computer History Museum,Computer History Museum,0
Word2vec,Programmer,Original author(s),1
Word2vec,Google AI,Google AI,1
Word2vec,Repository (version control),Repository,0
Word2vec,Software categories#Categorization approaches,Type,0
Word2vec,Language model,Language model,3
Word2vec,Word embedding,Word embedding,3
Word2vec,Software license,License,0
Word2vec,Apache-2.0,Apache-2.0,0
Word2vec,Natural language processing,natural language processing,3
Word2vec,Vector space,vector,3
Word2vec,Corpus of text,corpus,1
Word2vec,Synonym,synonymous,3
Word2vec,Tomáš Mikolov,Tomáš Mikolov,1
Word2vec,Ilya Sutskever,Ilya Sutskever,1
Word2vec,Jeff Dean,Jeff Dean,1
Word2vec,Cosine similarity,cosine similarity,2
Word2vec,Semantic similarity,semantic similarity,2
Word2vec,Word embedding,word embeddings,3
Word2vec,Neural network,neural networks,3
Word2vec,Text corpus,corpus of text,1
Word2vec,Vector space,vector space,3
Word2vec,Dimensions,dimensions,3
Word2vec,Distributed representation,distributed representations,3
Word2vec,Bag-of-words,bag of words,2
Word2vec,Semantic similarity,semantically,2
Word2vec,Histogram,histogram,1
Word2vec,Autoencoder,autoencoder,1
Word2vec,Softmax function,softmax,3
Word2vec,Cross entropy loss,cross-entropy loss,2
Word2vec,Brno University of Technology,Brno University of Technology,1
Word2vec,Recurrent neural network,recurrent neural network,1
Word2vec,Google,Google,1
Word2vec,International Conference on Learning Representations,ICLR conference,1
Word2vec,Latent semantic analysis,latent semantic analysis,1
Word2vec,GloVe,GloVe,1
Word2vec,FastText,fastText,1
Word2vec,Transformer (deep learning architecture),Transformer,1
Word2vec,ELMo,ELMo,0
Word2vec,BERT (language model),BERT,0
Word2vec,Parameter,parametrization,2
Word2vec,Huffman coding,Huffman tree,2
Word2vec,Log-likelihood,log-likelihood,2
Word2vec,C (programming language),C,1
Word2vec,Python (programming language),Python,1
Word2vec,Java (programming language),Java,1
Word2vec,Scala (programming language),Scala,1
Word2vec,Dimensionality reduction,reduces,1
Word2vec,Uniform Manifold Approximation and Projection,UMAP,1
Word2vec,HDBSCAN,HDBSCAN,1
Word2vec,Latent Dirichlet allocation,LDA,1
Word2vec,Biological,biological,1
Word2vec,DNA,DNA,1
Word2vec,RNA,RNA,1
Word2vec,Protein,proteins,1
Word2vec,Bioinformatic,bioinformatics,2
Word2vec,Needleman–Wunsch algorithm,Needleman–Wunsch,1
Word2vec,Information extraction,information extraction,1
Word2vec,Distributional semantics,distributional hypothesis,2
Word2vec,Generative model,generative model,2
Word2vec,Machine translation,machine translation,1
Word2vec,Learning curve (machine learning),learning curve,2
U-Net,Convolutional neural network,convolutional neural network,3
U-Net,Image segmentation,image segmentation,3
U-Net,Image segmentation,segmentation,3
U-Net,Graphics processing unit,GPU,1
U-Net,Diffusion models,diffusion models,1
U-Net,DALL-E,DALL-E,1
U-Net,Midjourney,Midjourney,1
U-Net,Stable Diffusion,Stable Diffusion,1
U-Net,Pooling layer,pooling,2
U-Net,Upsampling,upsampling,2
U-Net,Convolution,convolution,3
U-Net,Convolutions,convolutions,3
U-Net,Rectified linear unit,rectified linear unit,2
U-Net,Max pooling,max pooling,2
Capsule neural network,Artificial neural network,artificial neural network,3
Capsule neural network,Convolutional neural network,convolutional neural network,3
Capsule neural network,Realization (probability),probability of an observation,1
Capsule neural network,Pose (computer vision),pose for that observation,1
Capsule neural network,Geoffrey Hinton,Geoffrey Hinton,1
Capsule neural network,Image segmentation,segmentation,1
Capsule neural network,Parse tree,parse trees,1
Capsule neural network,MNIST database,MNIST,1
Capsule neural network,Invariant (mathematics),invariant,1
Capsule neural network,Equivariant map,equivariant,1
Capsule neural network,Translation (geometry),translation,2
Capsule neural network,Rotation (mathematics),rotation,2
Capsule neural network,Unsupervised learning,Unsupervised,1
Capsule neural network,Affine space,linear manifold,2
Capsule neural network,Pooling layer,pooling layer,1
Capsule neural network,Artificial neuron,Artificial neurons,3
Capsule neural network,Hough transform,Hough transform,1
Capsule neural network,Randomized Hough Transform,RHT,1
Capsule neural network,RANSAC,RANSAC,1
Capsule neural network,Digital image processing,digital image processing,1
Capsule neural network,Backpropagation,backpropagation,2
Capsule neural network,Dot product,scalar product,3
Capsule neural network,Softmax function,softmax,2
Capsule neural network,Softmax function,routing softmax,2
Capsule neural network,Logit,logits,3
Capsule neural network,Log probability,log probabilities,3
Capsule neural network,Prior probability,prior probability,3
Capsule neural network,Winner-take-all (computing),winner-take-all,1
Capsule neural network,Chandelier cell,chandelier cells,0
Capsule neural network,Cerebral cortex,cerebral cortex,0
Capsule neural network,Stellate cell,stellate cells,0
Capsule neural network,Supervised learning,supervised,3
Capsule neural network,Euclidean distance,euclidean distance,3
Capsule neural network,Hinge loss,margin loss,2
Capsule neural network,Pixel,pixel,3
Capsule neural network,Kernel (statistics),kernels,3
Capsule neural network,Rectifier (neural networks),rectified linear unit,2
Capsule neural network,Receptive field,receptive fields,2
Capsule neural network,Convolution,convolutional,3
Capsule neural network,Neural coding,rate-coded,2
Capsule neural network,Saccade,saccades,1
Capsule neural network,Cortical minicolumn,cortical minicolumns,1
Capsule neural network,Receptive field,receptive field,1
Capsule neural network,Action potential,action potentials,1
Capsule neural network,Parse tree,tree,1
Capsule neural network,Convolutional neural network,convolutional neural networks,3
Capsule neural network,Affine transformation,affine transformations,3
Neural differential equation,Machine learning,machine learning,3
Neural differential equation,Neural networks,neural networks,3
Neural differential equation,Differential equations,differential equations,3
Neural differential equation,Ordinary differential equation,ordinary differential equation,3
Neural differential equation,Natural numbers,natural numbers,1
Neural differential equation,Positive real numbers,positive real numbers,3
Neural differential equation,Continuous-time,continuous-time,3
Neural differential equation,Control system,control systems,2
Neural differential equation,Interpolation,interpolate,1
Neural differential equation,Controllability,controllability,1
Neural differential equation,Time series analysis,time series analysis,1
Neural differential equation,Dynamical systems,dynamical systems,1
Neural differential equation,Residual neural network,residual neural network,3
Neural differential equation,Euler method,Euler method,3
Neural differential equation,Initial value problem,initial value problem,3
Neural differential equation,Universal differential equation,Universal differential equation,1
Neural differential equation,Lotka-Volterra model,Lotka-Volterra model,1
DeepDream,Google Daydream,Google Daydream,0
DeepDream,Deep Dream (album),Deep Dream (album),0
DeepDream,Mona Lisa,Mona Lisa,1
DeepDream,Computer vision,computer vision,3
DeepDream,Google,Google,1
DeepDream,Convolutional neural network,convolutional neural network,3
DeepDream,Image,images,3
DeepDream,Algorithm,algorithmic,2
DeepDream,Pareidolia,pareidolia,2
DeepDream,Dream,dream,1
DeepDream,Psychedelic experience,psychedelic experience,1
DeepDream,Activation (neural network),activations,3
DeepDream,Deep neural network,deep network,3
DeepDream,Convolutional neural network,convolutional network,3
DeepDream,Inception,film of the same name,0
DeepDream,ImageNet Large Scale Visual Recognition Challenge,ImageNet Large-Scale Visual Recognition Challenge,1
DeepDream,Open source,open-source,1
DeepDream,Face detection,detect faces,1
DeepDream,One-to-many (data model),one-to-many,1
DeepDream,Psychedelic art,psychedelic,1
DeepDream,Surrealism,surreal,1
DeepDream,Backpropagation,backpropagation,3
DeepDream,Regularization (mathematics),regularizer,2
DeepDream,LSD,LSD,1
DeepDream,Psilocybin,psilocybin,1
DeepDream,Art history,art history,1
DeepDream,Foster the People,Foster the People,0
DeepDream,Doing It for the Money,Doing It for the Money,0
DeepDream,Entropy (journal),Entropy,1
DeepDream,Neuroscience,neuroscientific,1
DeepDream,Electroencephalography,EEG,1
DeepDream,Functional connectivity,functional connectivity,1
DeepDream,Biomarker,biomarkers,1
Batch normalization,Normalization (machine learning),normalization,3
Batch normalization,Artificial neural network,artificial neural networks,3
Batch normalization,Intelligent agent#Objective function,objective function,2
Batch normalization,Vanishing gradient problem,gradient explosion,1
Batch normalization,Parameter initialization,parameter initialization,1
Batch normalization,Learning rate,learning rate,1
Batch normalization,Dropout (neural networks),dropout,2
Batch normalization,Overfitting,overfitting,1
Batch normalization,Stochastic optimization,stochastic optimization,2
Batch normalization,Mean,mean,3
Batch normalization,Variance,variance,3
Batch normalization,Differentiable function,differentiable,3
Batch normalization,Loss function,loss,2
Batch normalization,Chain rule,chain rule,3
Batch normalization,Activation function,activation function,3
Batch normalization,Gradient,gradient,3
Batch normalization,Linear map,linear transform,2
Batch normalization,Independent and identically distributed random variables,iid,2
Batch normalization,Lipschitz continuity,Lipschitz constant,1
Batch normalization,Hessian matrix,Hessian,1
Batch normalization,Convex function,convex,1
Batch normalization,Positive semidefinite matrix,positive semi-definite,1
Batch normalization,Vanishing gradient problem,gradient vanishing or explosion problems,3
Batch normalization,Positive definiteness,positive definite,1
Batch normalization,Rayleigh quotient,Rayleigh quotient,1
Batch normalization,Eigenvalues and eigenvectors,eigenvalue,1
Batch normalization,Perceptron,Perceptron,1
Batch normalization,Smoothness,smooth,1
Batch normalization,Multivariate normal distribution,multivariate normal random variable,2
Batch normalization,Critical point (network science),critical points,1
Batch normalization,Gradient descent,gradient descent,3
Batch normalization,Bisection algorithm,bisection algorithm,1
Batch normalization,Multilayer perceptron,multilayer perceptron,2
Batch normalization,Hyperbolic function#Tanh,tanh function,2
Swish function,Function (mathematics),mathematical function,3
Swish function,Trainable parameter,trainable,2
Swish function,Interpolation,interpolate,3
Swish function,Mish (function),Mish,1
Swish function,ReLU,ReLU,2
Swish function,Interpolate,interpolates,3
Swish function,Rectifier (neural networks),GELU,1
Swish function,Reinforcement learning,reinforcement learning,3
Swish function,ImageNet,ImageNet,1
Swish function,Google,Google,1
Swish function,Activation function,activation function,3
Swish function,Artificial neural network,artificial neural networks,3
Swish function,Vanishing gradient problem,vanishing gradient problem,2
Swish function,Backpropagation,backpropagation,2
Microhistory,Martin Guerre,Martin Guerre,1
Microhistory,Natalie Zemon Davis,Natalie Zemon Davis,1
Microhistory,History,history,3
Microhistory,Case study,case study,2
Microhistory,Social history,social,3
Microhistory,Cultural history,cultural history,3
Microhistory,Giovanni Levi,Giovanni Levi,1
Microhistory,Carlo Ginzburg,Carlo Ginzburg,1
Microhistory,Simona Cerutti,Simona Cerutti,1
Microhistory,George R. Stewart,George R. Stewart,1
Microhistory,Battle of Gettysburg,Battle of Gettysburg,2
Microhistory,Annales School,Annales,2
Microhistory,Fernand Braudel,Fernand Braudel,1
Microhistory,Luis González y González,Luis González,1
Microhistory,The Cheese and the Worms,The Cheese and the Worms,1
Microhistory,Menocchio,Menocchio,1
Microhistory,Lacuna (manuscripts),lacunae,3
Eurasia Group,Geographic coordinate system,Coordinates,0
Eurasia Group,Corporation,Corporation,2
Eurasia Group,Consultant,Consulting,3
Eurasia Group,Professional services,Professional services,3
Eurasia Group,Ian Bremmer,Ian Bremmer,1
Eurasia Group,Political risk,political risk,3
Eurasia Group,Political consulting,consultancy,3
Eurasia Group,G-Zero world,G-Zero world,2
Eurasia Group,Time (magazine),Time,1
Eurasia Group,New York Stock Exchange,New York Stock Exchange,2
Eurasia Group,David Rothkopf,David Rothkopf,1
Eurasia Group,Citi Private Bank,Citi Private Bank,1
Eurasia Group,NYSE Euronext,NYSE Euronext,2
Eurasia Group,Bank of America,Bank of America,1
Eurasia Group,Merrill Lynch,Merrill Lynch,1
Eurasia Group,US Trust,US Trust,1
Eurasia Group,Nikko Asset Management,Nikko Asset Management,1
Eurasia Group,The Wall Street Journal,The Wall Street Journal,1
Eurasia Group,KPMG International,KPMG International,1
Eurasia Group,Bank of Montreal,BMO,1
Eurasia Group,Catherine Ashton,Catherine Ashton,0
Eurasia Group,John Baird (Canadian politician),John Baird,0
Eurasia Group,Sigmar Gabriel,Sigmar Gabriel,0
Eurasia Group,Marietje Schaake,Marietje Schaake,0
Eurasia Group,Gerald Butts,Gerald Butts,0
Eurasia Group,Control Risks Group,Control Risks Group,1
Eurasia Group,Oxford Analytica,Oxford Analytica,1
Eurasia Group,Roubini Global Economics,Roubini Global Economics,1
Eurasia Group,Le Beck International,Le Beck International,1
Eurasia Group,Economist Intelligence Unit,Economist Intelligence Unit,1
Miranda v. Arizona,Supreme Court of the United States,Supreme Court of the United States,3
Miranda v. Arizona,Ernesto Miranda,Ernesto Miranda,1
Miranda v. Arizona,United States Reports,U.S.,1
Miranda v. Arizona,"List of United States Supreme Court cases, volume 384",more,1
Miranda v. Arizona,L. Ed. 2d,L. Ed. 2d,1
Miranda v. Arizona,U.S. LEXIS,U.S. LEXIS,1
Miranda v. Arizona,A.L.R.3d,A.L.R.3d,1
Miranda v. Arizona,P.2d,P.2d,1
Miranda v. Arizona,"List of United States Supreme Court cases, volume 382",382,1
Miranda v. Arizona,"List of United States Supreme Court cases, volume 396",396,1
Miranda v. Arizona,Fifth Amendment to the United States Constitution,Fifth Amendment,1
Miranda v. Arizona,Earl Warren,Earl Warren,2
Miranda v. Arizona,Hugo Black,Hugo Black,2
Miranda v. Arizona,William O. Douglas,William O. Douglas,2
Miranda v. Arizona,Tom C. Clark,Tom C. Clark,2
Miranda v. Arizona,John Marshall Harlan (born 1899),John M. Harlan II,2
Miranda v. Arizona,William J. Brennan Jr.,William J. Brennan Jr.,2
Miranda v. Arizona,Potter Stewart,Potter Stewart,2
Miranda v. Arizona,Byron White,Byron White,2
Miranda v. Arizona,Abe Fortas,Abe Fortas,2
Miranda v. Arizona,Fifth Amendment to the United States Constitution,U.S. Const. amends. V,1
Miranda v. Arizona,Sixth Amendment to the United States Constitution,VI,1
Miranda v. Arizona,Fourteenth Amendment to the United States Constitution,XIV,1
Miranda v. Arizona,Landmark decision,landmark decision,3
Miranda v. Arizona,Supreme Court of the United States,U.S. Supreme Court,3
Miranda v. Arizona,Law enforcement,law enforcement,3
Miranda v. Arizona,Interrogation,interrogating,3
Miranda v. Arizona,Evidence (law),evidence,3
Miranda v. Arizona,Trial,trial,3
Miranda v. Arizona,Fifth Amendment to the United States Constitution,Fifth Amendment to the U.S. Constitution,1
Miranda v. Arizona,Lawyer,lawyer,3
Miranda v. Arizona,Self-incrimination,self-incrimination,3
Miranda v. Arizona,Contempt of court,contempt of court,2
Miranda v. Arizona,Miranda warning,Miranda warning,1
Miranda v. Arizona,Berghuis v. Thompkins,Berghuis v. Thompkins,1
Miranda v. Arizona,American Bar Association,American Bar Association,1
Miranda v. Arizona,Bar association,bar associations,1
Miranda v. Arizona,Legal aid,legal aid,2
Miranda v. Arizona,Defendants,defendants,3
Miranda v. Arizona,Civil law (common law),civil,1
Miranda v. Arizona,Legal Services Corporation,Legal Services Corporation,0
Miranda v. Arizona,Great Society,Great Society,1
Miranda v. Arizona,Lyndon B. Johnson,Lyndon B. Johnson,1
Miranda v. Arizona,Escobedo v. Illinois,Escobedo v. Illinois,1
Miranda v. Arizona,Phoenix Police Department,Phoenix Police Department,1
Miranda v. Arizona,Carroll Cooley,Carroll Cooley,1
Miranda v. Arizona,Circumstantial evidence,circumstantial evidence,3
Miranda v. Arizona,Kidnapping,kidnapping,1
Miranda v. Arizona,Rape,rape,1
Miranda v. Arizona,Public defender,court-appointed lawyer,1
Miranda v. Arizona,Arizona Supreme Court,Arizona Supreme Court,2
Miranda v. Arizona,John Paul Frank,John Paul Frank,1
Miranda v. Arizona,Gary K. Nelson,Gary K. Nelson,1
Miranda v. Arizona,Chief Justice of the United States,Chief Justice,2
Miranda v. Arizona,Sixth Amendment to the United States Constitution,Sixth Amendment,1
Miranda v. Arizona,Federal Bureau of Investigation,Federal Bureau of Investigation,2
Miranda v. Arizona,Warren Court,Warren Court,1
Miranda v. Arizona,Totality of the circumstances,totality of the circumstances,2
Miranda v. Arizona,Arthur Goldberg,Justice Goldberg,1
Miranda v. Arizona,John Marshall Harlan II,John Marshall Harlan II,1
Miranda v. Arizona,Robert H. Jackson,Robert H. Jackson,1
Miranda v. Arizona,Richard Nixon,Richard Nixon,2
Miranda v. Arizona,Richard Nixon#Judicial appointments,to appoint,3
Miranda v. Arizona,Uniform Crime Reports,FBI Uniform Crime Reports,1
Miranda v. Arizona,Clearance rate,clearance rate,3
Miranda v. Arizona,Omnibus Crime Control and Safe Streets Act of 1968,Omnibus Crime Control and Safe Streets Act of 1968,1
Miranda v. Arizona,"List of United States Supreme Court cases, volume 401",401,1
Miranda v. Arizona,Rhode Island v. Innis,Rhode Island v. Innis,1
Miranda v. Arizona,"List of United States Supreme Court cases, volume 446",446,1
Miranda v. Arizona,Berkemer v. McCarty,Berkemer v. McCarty,1
Miranda v. Arizona,"List of United States Supreme Court cases, volume 468",468,1
Miranda v. Arizona,New York v. Quarles,New York v. Quarles,1
Miranda v. Arizona,"List of United States Supreme Court cases, volume 467",467,1
Miranda v. Arizona,Supreme Court of California,California Supreme Court,1
Miranda v. Arizona,Richard Allen Davis,Richard Allen Davis,1
Miranda v. Arizona,Colorado v. Connelly,Colorado v. Connelly,1
Miranda v. Arizona,"List of United States Supreme Court cases, volume 479",479,1
Miranda v. Arizona,Intelligence quotient,I.Q.,1
Miranda v. Arizona,Remand (court procedure),remanded,1
Miranda v. Arizona,Dickerson v. United States,Dickerson v. United States,1
Miranda v. Arizona,"List of United States Supreme Court cases, volume 530",530,1
Miranda v. Arizona,William H. Rehnquist,Chief Justice Rehnquist,1
Miranda v. Arizona,Antonin Scalia,Justice Scalia,1
Miranda v. Arizona,Missouri v. Seibert,Missouri v. Seibert,1
Miranda v. Arizona,"List of United States Supreme Court cases, volume 542",542,1
Miranda v. Arizona,Vega v. Tekoh,Vega v. Tekoh,1
Miranda v. Arizona,42 U.S. Code § 1983,particular statutory cause of action,2
Miranda v. Arizona,Miranda's Victim,Miranda's Victim,0
Miranda v. Arizona,Michelle Danner,Michelle Danner,0
Cook–Levin theorem,Computational complexity theory,computational complexity theory,3
Cook–Levin theorem,Boolean satisfiability problem,Boolean satisfiability problem,3
Cook–Levin theorem,NP-completeness,NP-complete,1
Cook–Levin theorem,NP (complexity),NP,3
Cook–Levin theorem,Reduction (complexity),reduced,3
Cook–Levin theorem,Polynomial time,polynomial time,3
Cook–Levin theorem,Deterministic Turing machine,deterministic Turing machine,3
Cook–Levin theorem,Stephen Cook,Stephen Cook,1
Cook–Levin theorem,Leonid Levin,Leonid Levin,1
Cook–Levin theorem,Richard Karp,Richard Karp,1
Cook–Levin theorem,P versus NP problem,P versus NP problem,3
Cook–Levin theorem,Theoretical computer science,theoretical computer science,1
Cook–Levin theorem,NP-completeness,NP-completeness,1
Cook–Levin theorem,Soviet Union,Soviet Union,0
Cook–Levin theorem,Symposium on Theory of Computing,Symposium on Theory of Computing,1
Cook–Levin theorem,Karp's 21 NP-complete problems,list of 21 NP-complete problems,0
Cook–Levin theorem,Polynomial-time many-one reduction,polynomial-time many-one reduction,2
Cook–Levin theorem,Turing Award,Turing Award,1
Cook–Levin theorem,Robert Solovay,Robert Solovay,0
Cook–Levin theorem,Oracle machine,oracle machine,2
Cook–Levin theorem,Search problem,search problems,1
Cook–Levin theorem,P versus NP problem,P = NP,3
Cook–Levin theorem,Decision problem,decision problem,2
Cook–Levin theorem,Nondeterministic Turing machine,nondeterministic Turing machine,3
Cook–Levin theorem,Boolean expression,Boolean expression,3
Cook–Levin theorem,Boolean variable,Boolean variables,3
Cook–Levin theorem,Logical connective,Boolean operators,3
Cook–Levin theorem,Truth value,truth values,1
Cook–Levin theorem,NP (complexity)#Equivalence of definitions,in the Wikipedia article on NP,0
Cook–Levin theorem,Commutative diagram,Commutative diagram,1
Cook–Levin theorem,If and only if,if and only if,1
Cook–Levin theorem,Logical conjunction,conjunction,1
Cook–Levin theorem,Constructive proof,constructive,1
Cook–Levin theorem,Witness (mathematics),witnessing,1
Cook–Levin theorem,Complexity class,complexity classes,3
Cook–Levin theorem,Quantified Boolean formula,quantified Boolean formula,1
Cook–Levin theorem,Universal quantifier,universal quantifiers,2
Cook–Levin theorem,Existential quantifier,existential quantifiers,2
Cook–Levin theorem,PSPACE,polynomial space complexity,2
Cook–Levin theorem,PSPACE-complete,PSPACE-complete,2
Cook–Levin theorem,NL (complexity),logarithmic space complexity,2
Cook–Levin theorem,NL-complete,NL-complete,2
Cook–Levin theorem,Logarithmic space,logarithmic space,2
Cook–Levin theorem,Complexity class,complexity class,3
Cook–Levin theorem,Karp's 21 NP-complete problems,21 diverse combinatorial and graph theoretical problems,0
Cook–Levin theorem,Conjunctive normal form,conjunctive normal form,3
Cook–Levin theorem,Boolean satisfiability problem#Algorithms for solving SAT,solved by heuristic methods,1
Cook–Levin theorem,Mathematical logician,mathematical logicians,1
Beowulf: The Monsters and the Critics,J. R. R. Tolkien,J. R. R. Tolkien,2
Beowulf: The Monsters and the Critics,Literary criticism,literary criticism,3
Beowulf: The Monsters and the Critics,Old English language,Old English,3
Beowulf: The Monsters and the Critics,Hero,heroic,2
Beowulf: The Monsters and the Critics,Epic poem,epic poem,3
Beowulf: The Monsters and the Critics,Beowulf,Beowulf,3
Beowulf: The Monsters and the Critics,Proceedings of the British Academy,Proceedings of the British Academy,1
Beowulf: The Monsters and the Critics,Grendel,Grendel,1
Beowulf: The Monsters and the Critics,Grendel's Mother,his mother,1
Beowulf: The Monsters and the Critics,The dragon (Beowulf),the dragon,1
Beowulf: The Monsters and the Critics,Seamus Heaney,Seamus Heaney,2
Beowulf: The Monsters and the Critics,Michael D. C. Drout,Michael D. C. Drout,2
Beowulf: The Monsters and the Critics,Israel Gollancz,Israel Gollancz,1
Beowulf: The Monsters and the Critics,British Academy,British Academy,1
Beowulf: The Monsters and the Critics,The Dragon (Beowulf),dragon,1
Beowulf: The Monsters and the Critics,Anglo-Saxons,Anglo-Saxon,2
Beowulf: The Monsters and the Critics,Narrative,narrative,3
Beowulf: The Monsters and the Critics,Literature,literary,3
Beowulf: The Monsters and the Critics,Work of art,work of art,3
Beowulf: The Monsters and the Critics,Historical document,historical document,3
Beowulf: The Monsters and the Critics,Hugh Magennis (scholar),Hugh Magennis,1
Beowulf: The Monsters and the Critics,Lecture series,series of lectures,2
Beowulf: The Monsters and the Critics,Manuscript,manuscript,1
Beowulf: The Monsters and the Critics,Beowulf and the Critics,Beowulf and the Critics,1
Beowulf: The Monsters and the Critics,"The Monsters and the Critics, and Other Essays","The Monsters and the Critics, and Other Essays",1
Beowulf: The Monsters and the Critics,Christopher Tolkien,Christopher Tolkien,1
Beowulf: The Monsters and the Critics,William Paton Ker,William Paton Ker,1
Beowulf: The Monsters and the Critics,Johnston Forbes-Robertson,Johnston Forbes-Robertson,1
Beowulf: The Monsters and the Critics,Scare quotes,scare quotes,1
Beowulf: The Monsters and the Critics,Lai (poetic form),lay,1
Beowulf: The Monsters and the Critics,Summa Theologica,Summa Theologica,1
Beowulf: The Monsters and the Critics,W. P. Ker,W. P. Ker,1
Beowulf: The Monsters and the Critics,Raymond Wilson Chambers,Raymond Wilson Chambers,1
Beowulf: The Monsters and the Critics,Ritchie Girvan,Ritchie Girvan,1
Beowulf: The Monsters and the Critics,Odyssey,Odysseus on his travels,2
Beowulf: The Monsters and the Critics,Northern courage in Middle-earth,Northern courage,2
Beowulf: The Monsters and the Critics,English mythology,English mythology,1
Beowulf: The Monsters and the Critics,Elder Edda,Icelandic myth,1
Beowulf: The Monsters and the Critics,Ancient Roman religion,Roman,1
Beowulf: The Monsters and the Critics,Religion in ancient Greece,Greek,1
Beowulf: The Monsters and the Critics,Cain,Cain,2
Beowulf: The Monsters and the Critics,Eotenas,eotenas,1
Beowulf: The Monsters and the Critics,Ylfe,ylfe,1
Beowulf: The Monsters and the Critics,Scylding,Scylding,2
Beowulf: The Monsters and the Critics,Old Testament,Old Testament,2
Beowulf: The Monsters and the Critics,Patriarchs (Bible),patriarchs of Israel,2
Beowulf: The Monsters and the Critics,On Translating Beowulf,On Translating Beowulf,1
Beowulf: The Monsters and the Critics,Heorot,Heorot,1
Beowulf: The Monsters and the Critics,Hrothgar,Hrothgar,1
Beowulf: The Monsters and the Critics,Epic poetry,epic,2
Beowulf: The Monsters and the Critics,Elegy,elegy,2
Beowulf: The Monsters and the Critics,Dirge,dirge,2
Beowulf: The Monsters and the Critics,Frisia,Frisia,1
Beowulf: The Monsters and the Critics,Tom Shippey,Tom Shippey,1
Beowulf: The Monsters and the Critics,Alvin A. Lee,Alvin A. Lee,1
Beowulf: The Monsters and the Critics,Seth Lerer,Seth Lerer,1
Beowulf: The Monsters and the Critics,Bruce Mitchell (scholar),Bruce Mitchell,1
Beowulf: The Monsters and the Critics,Fred C. Robinson,Fred C. Robinson,1
Beowulf: The Monsters and the Critics,Michael Lapidge,Michael Lapidge,1
Beowulf: The Monsters and the Critics,Roy Liuzza,Roy Liuzza,1
Beowulf: The Monsters and the Critics,Fable,fabulous,2
Beowulf: The Monsters and the Critics,False dichotomy,false dichotomy,1
Beowulf: The Monsters and the Critics,Patrick Wormald,Patrick Wormald,1
Beowulf: The Monsters and the Critics,Ragnarök,Ragnarök,1
Beowulf: The Monsters and the Critics,The Homecoming of Beorhtnoth Beorhthelm's Son,The Homecoming,0
Beowulf: The Monsters and the Critics,Finn and Hengest,Finn and Hengest,0
Beowulf: The Monsters and the Critics,John Niles (scholar),John D. Niles,1
Beowulf: The Monsters and the Critics,Joan Acocella,Joan Acocella,1
Beowulf: The Monsters and the Critics,The New Yorker,The New Yorker,1
Beowulf: The Monsters and the Critics,Regina Weinreich,Regina Weinreich,1
Beowulf: The Monsters and the Critics,The New York Times,The New York Times,1
Beowulf: The Monsters and the Critics,John Garth (author),John Garth,1
Beowulf: The Monsters and the Critics,The Guardian,The Guardian,1
Beowulf: The Monsters and the Critics,Battle of the Somme,Somme,0
Beowulf: The Monsters and the Critics,Translating Beowulf,Translating Beowulf,1
Beowulf: The Monsters and the Critics,Folklore,folklore,1
Beowulf: The Monsters and the Critics,Philology,philology,1
Beowulf: The Monsters and the Critics,Martin Rundkvist,Martin Rundkvist,1
Beowulf: The Monsters and the Critics,Geats,Geats,1
Beowulf: The Monsters and the Critics,Mead hall,mead-halls,1
Pathetic fallacy,John Ruskin,John Ruskin,1
Pathetic fallacy,John Everett Millais,John Everett Millais,0
Pathetic fallacy,Personification,personification,3
Pathetic fallacy,Modern Painters,Modern Painters,1
Pathetic fallacy,Robert Burns,Burns,1
Pathetic fallacy,William Blake,Blake,1
Pathetic fallacy,William Wordsworth,Wordsworth,1
Pathetic fallacy,Percy Bysshe Shelley,Shelley,1
Pathetic fallacy,John Keats,Keats,1
Pathetic fallacy,Alfred Lord Tennyson,"Alfred, Lord Tennyson",1